{
  "Redis": {
    "x": 157.25132958649317,
    "y": 32
  },
  "Postgres": {
    "x": 17.020172584798843,
    "y": 33.02017258479884
  },
  "VPC": {
    "x": 0.72376723167514,
    "y": 287.63275569939793
  },
  "Monitor Service": {
    "x": 385.4631695659235,
    "y": 709.0589286945225
  },
  "API Server": {
    "x": 77.64872656876642,
    "y": 32
  },
  "Search Service": {
    "x": 257.7580950450901,
    "y": 125.54587386502754
  }
}
