{
  "Rate Limiter": {
    "x": 45.12865769645305,
    "y": 209.1403523373856
  },
  "Load Balancer": {
    "x": 192.64999999999998,
    "y": 150.8240051971195
  }
}
