{
  "Kafka Queue": {
    "x": 30.103213744118307,
    "y": 202.8
  },
  "Notification Service": {
    "x": 29.9760171590583,
    "y": 126.81199142047075
  },
  "Redis Cache": {
    "x": 29.97601715905853,
    "y": 179.01199142047068
  }
}
