{
  "Rules Cache": {
    "x": 599.3424265978733,
    "y": 32
  },
  "Rate Limiter": {
    "x": 327.39886514758274,
    "y": 67.16580357751235
  },
  "Gateway": {
    "x": 27.17784777799494,
    "y": 65.79472444531294
  },
  "API Backend": {
    "x": 28,
    "y": 39.013595222899625
  },
  "Người dùng": {
    "x": 162.89165342185677,
    "y": 104.43276865941502
  }
}
