{
  "Rules Cache": {
    "x": 8,
    "y": 245.49768818718695
  },
  "Rate Limiter": {
    "x": 98.05651618350055,
    "y": 161.57580501001758
  },
  "Gateway": {
    "x": 27.17784777799494,
    "y": 65.79472444531294
  },
  "API Backend": {
    "x": 28,
    "y": 39.013595222899625
  },
  "Người dùng": {
    "x": 162.89165342185677,
    "y": 104.43276865941502
  }
}
