{
  "Rules Cache": {
    "x": 390.375,
    "y": 35.15997999218371
  },
  "Rate Limiter": {
    "x": 189.51624666536384,
    "y": 67.85521666992345
  },
  "Gateway": {
    "x": 27.17784777799494,
    "y": 65.79472444531294
  }
}
